               epoch,      train/box_loss,      train/obj_loss,      train/cls_loss,   metrics/precision,      metrics/recall,     metrics/mAP_0.5,metrics/mAP_0.5:0.95,        val/box_loss,        val/obj_loss,        val/cls_loss,               x/lr0,               x/lr1,               x/lr2
                   0,             0.11349,             0.04184,            0.051055,            0.010334,              0.0625,           0.0058179,           0.0020919,            0.094524,            0.030425,            0.044881,              0.0006,              0.0006,              0.0946
                   1,            0.094362,            0.049136,            0.047219,            0.025408,             0.49256,            0.027242,            0.007436,            0.078306,            0.030094,            0.042191,           0.0012957,           0.0012957,            0.088296
                   2,             0.07875,            0.056633,            0.043859,             0.11175,             0.45238,             0.12913,            0.048869,            0.063964,            0.028116,            0.041173,           0.0019868,           0.0019868,            0.081987
                   3,            0.073468,            0.042955,            0.042306,             0.16375,             0.40004,             0.21817,             0.12475,            0.063416,            0.025219,            0.041083,           0.0026733,           0.0026733,            0.075673
                   4,            0.071007,            0.038569,            0.041221,             0.49951,            0.083333,             0.13015,            0.025779,            0.084468,            0.022843,            0.038477,           0.0033551,           0.0033551,            0.069355
                   5,            0.074318,            0.033703,            0.039989,             0.12884,             0.50204,             0.15477,            0.066127,            0.075431,             0.02017,            0.035275,           0.0040324,           0.0040324,            0.063032
                   6,            0.073294,            0.029556,            0.038502,             0.15798,             0.27232,             0.17963,            0.049959,            0.068001,            0.018138,            0.032793,            0.004705,            0.004705,            0.056705
                   7,            0.070649,            0.035432,            0.035492,            0.068987,             0.31548,             0.05601,           0.0092321,             0.10067,            0.017649,            0.032549,           0.0053729,           0.0053729,            0.050373
                   8,            0.088042,            0.026325,            0.034443,             0.22015,             0.43304,             0.24086,            0.066247,            0.079366,            0.012864,            0.029335,           0.0060363,           0.0060363,            0.044036
                   9,            0.077455,             0.02614,            0.031007,             0.32126,              0.7247,             0.38956,             0.10708,            0.075027,            0.012993,            0.024745,           0.0066951,           0.0066951,            0.037695
                  10,            0.076159,            0.029427,            0.028742,             0.80857,             0.37127,             0.46647,             0.11729,             0.08495,            0.010794,            0.023015,           0.0073492,           0.0073492,            0.031349
                  11,            0.077552,            0.020803,            0.026204,             0.59197,              0.6516,             0.56528,             0.21304,            0.069992,            0.010964,            0.019602,           0.0079987,           0.0079987,            0.024999
                  12,            0.072575,            0.028747,            0.025086,             0.41641,             0.51337,             0.43868,             0.14894,            0.076092,            0.011491,            0.018636,           0.0086436,           0.0086436,            0.018644
                  13,            0.067854,             0.02054,            0.022846,             0.10897,             0.39286,             0.11531,            0.022239,             0.08581,            0.010404,            0.020065,           0.0092839,           0.0092839,            0.012284
                  14,            0.080541,            0.019839,             0.02283,             0.39477,             0.54352,             0.40723,            0.069425,            0.085574,           0.0089969,            0.015983,            0.009538,            0.009538,            0.009538
                  15,            0.082068,            0.020907,            0.020025,             0.56977,              0.4058,             0.47816,             0.18918,            0.074587,           0.0097221,            0.015184,            0.009538,            0.009538,            0.009538
                  16,            0.072868,            0.021288,            0.018441,             0.63147,             0.54886,             0.61457,             0.19752,            0.073892,           0.0087778,            0.013117,            0.009505,            0.009505,            0.009505
                  17,            0.072859,            0.019493,            0.016866,             0.19535,              0.6369,             0.34297,            0.082579,            0.086569,            0.010652,            0.012629,            0.009472,            0.009472,            0.009472
                  18,            0.073292,            0.020515,            0.016559,             0.37035,             0.75523,             0.55411,               0.141,             0.07428,            0.010647,            0.011614,            0.009439,            0.009439,            0.009439
                  19,            0.068455,            0.018616,            0.015501,             0.64492,             0.68401,             0.65401,             0.23993,            0.067559,            0.010339,            0.010079,            0.009406,            0.009406,            0.009406
                  20,            0.065674,            0.020313,            0.016215,             0.27012,             0.61387,             0.46494,             0.13784,            0.075387,             0.01229,            0.010451,            0.009373,            0.009373,            0.009373
                  21,            0.069569,            0.018536,             0.01566,             0.33948,             0.75595,             0.44259,             0.12475,            0.075914,           0.0097411,           0.0080552,             0.00934,             0.00934,             0.00934
                  22,            0.064273,              0.0196,            0.013543,             0.62382,             0.64806,             0.64788,             0.21637,            0.066162,            0.011163,           0.0083068,            0.009307,            0.009307,            0.009307
                  23,            0.061015,            0.018517,            0.012716,             0.47337,             0.84678,             0.59543,             0.18684,            0.065859,            0.010205,           0.0075353,            0.009274,            0.009274,            0.009274
                  24,            0.064131,            0.018263,            0.012348,             0.53474,             0.78855,             0.64658,             0.22451,            0.064071,           0.0084136,           0.0097514,            0.009241,            0.009241,            0.009241
                  25,            0.068938,            0.020303,            0.011653,              0.3826,             0.87347,             0.48543,             0.19334,            0.070781,           0.0082562,           0.0062638,            0.009208,            0.009208,            0.009208
                  26,            0.065396,            0.019009,              0.0109,             0.63377,             0.82332,             0.73621,             0.32869,            0.057621,           0.0078991,           0.0060707,            0.009175,            0.009175,            0.009175
                  27,            0.055709,            0.015915,            0.010363,             0.77126,             0.83472,             0.86428,             0.45281,            0.053687,           0.0078106,           0.0051936,            0.009142,            0.009142,            0.009142
                  28,             0.06082,            0.016126,           0.0097848,             0.53091,             0.82164,             0.73944,             0.34182,            0.058185,           0.0080504,           0.0050256,            0.009109,            0.009109,            0.009109
                  29,            0.063888,            0.017393,           0.0091272,             0.42813,             0.86607,              0.6598,             0.23442,             0.06561,           0.0085814,           0.0058976,            0.009076,            0.009076,            0.009076
                  30,            0.066746,             0.01588,           0.0088138,             0.76042,             0.68041,             0.76144,             0.30307,            0.056826,           0.0070066,           0.0053707,            0.009043,            0.009043,            0.009043
                  31,            0.051422,            0.015663,           0.0082852,             0.69258,             0.85251,             0.77319,             0.41096,            0.048585,           0.0071769,           0.0062322,             0.00901,             0.00901,             0.00901
                  32,            0.054387,            0.017479,           0.0093379,             0.53544,             0.75149,             0.74634,              0.3072,            0.055627,             0.00773,           0.0048056,            0.008977,            0.008977,            0.008977
                  33,            0.061069,            0.020219,           0.0086848,             0.40965,             0.90145,             0.64083,             0.26662,             0.05827,           0.0073725,           0.0042719,            0.008944,            0.008944,            0.008944
                  34,            0.058399,            0.018284,           0.0079197,             0.78197,             0.74077,             0.79654,               0.497,            0.043798,           0.0061644,           0.0045289,            0.008911,            0.008911,            0.008911
                  35,            0.048052,            0.017198,            0.008238,             0.69716,             0.89517,             0.83878,              0.5885,             0.03802,           0.0062758,           0.0051376,            0.008878,            0.008878,            0.008878
                  36,            0.047649,            0.015591,           0.0074909,             0.71926,              0.8656,             0.81734,              0.4147,            0.050605,           0.0075386,           0.0050682,            0.008845,            0.008845,            0.008845
                  37,            0.054237,             0.01635,           0.0072105,              0.5968,             0.89657,             0.79656,             0.48201,            0.045589,           0.0068282,           0.0053008,            0.008812,            0.008812,            0.008812
                  38,            0.047201,            0.019456,           0.0070954,             0.68729,             0.77401,             0.79925,             0.47458,            0.041408,           0.0067135,           0.0042118,            0.008779,            0.008779,            0.008779
                  39,            0.045997,            0.014064,           0.0068009,             0.83129,             0.78983,             0.92199,             0.65228,            0.036308,           0.0060212,           0.0034548,            0.008746,            0.008746,            0.008746
                  40,            0.041103,            0.016812,            0.007125,             0.68277,             0.81312,             0.85076,             0.52532,            0.037639,           0.0062071,           0.0033252,            0.008713,            0.008713,            0.008713
                  41,            0.043049,            0.013332,           0.0084422,             0.79558,             0.97581,             0.92085,             0.63097,            0.043863,           0.0062737,           0.0029006,             0.00868,             0.00868,             0.00868
                  42,            0.046563,            0.015459,           0.0062225,              0.7714,             0.81195,             0.89263,             0.60217,            0.043552,           0.0063078,           0.0027326,            0.008647,            0.008647,            0.008647
                  43,            0.042708,            0.017071,            0.006797,             0.81178,             0.93643,             0.94759,             0.59013,            0.040561,           0.0066517,           0.0024997,            0.008614,            0.008614,            0.008614
                  44,            0.043484,            0.014894,           0.0058283,             0.71381,             0.90179,             0.90023,              0.5791,            0.042951,           0.0066003,           0.0026379,            0.008581,            0.008581,            0.008581
                  45,            0.044376,            0.015286,           0.0068201,             0.82888,             0.90085,              0.9441,              0.6162,            0.039588,           0.0068031,            0.002908,            0.008548,            0.008548,            0.008548
                  46,            0.040362,              0.0165,           0.0054278,             0.87534,             0.95493,             0.94444,             0.53428,            0.042855,           0.0069813,           0.0030466,            0.008515,            0.008515,            0.008515
                  47,            0.038543,            0.012102,           0.0048087,             0.75902,             0.94835,             0.93969,             0.73591,              0.0364,           0.0061842,           0.0030405,            0.008482,            0.008482,            0.008482
                  48,            0.043075,            0.016006,           0.0061368,             0.94076,             0.99962,             0.99063,             0.54332,            0.044255,           0.0061828,           0.0026418,            0.008449,            0.008449,            0.008449
                  49,            0.047595,            0.015335,           0.0049327,             0.97756,             0.94044,             0.99063,             0.61623,            0.040442,           0.0062362,           0.0027628,            0.008416,            0.008416,            0.008416
                  50,            0.041868,            0.016969,            0.005104,             0.93821,             0.99934,               0.995,             0.68148,            0.032246,           0.0056251,           0.0027327,            0.008383,            0.008383,            0.008383
                  51,            0.039039,            0.014913,           0.0049516,             0.96279,                   1,               0.995,             0.61368,            0.037194,           0.0057644,           0.0024142,             0.00835,             0.00835,             0.00835
                  52,            0.044379,            0.018654,           0.0040394,             0.95211,             0.99962,             0.98806,             0.36181,            0.043998,           0.0063178,           0.0024102,            0.008317,            0.008317,            0.008317
                  53,            0.049229,            0.015809,            0.004296,             0.89284,             0.99939,             0.98729,              0.6065,            0.038939,            0.005896,           0.0022974,            0.008284,            0.008284,            0.008284
                  54,            0.043649,            0.015039,           0.0083558,             0.93287,             0.95069,             0.97708,             0.68008,            0.035766,           0.0058801,           0.0021415,            0.008251,            0.008251,            0.008251
                  55,              0.0364,            0.013425,           0.0050378,             0.96642,             0.94123,             0.97894,             0.73924,            0.030322,           0.0053888,           0.0022538,            0.008218,            0.008218,            0.008218
                  56,            0.035465,            0.015933,           0.0042751,             0.92254,                   1,             0.98722,             0.65467,            0.033017,           0.0056143,            0.002674,            0.008185,            0.008185,            0.008185
                  57,            0.039672,            0.015144,           0.0043466,             0.75472,             0.98544,             0.92679,             0.52882,            0.042451,            0.005712,           0.0024012,            0.008152,            0.008152,            0.008152
                  58,            0.038537,            0.014161,            0.004032,             0.91299,              0.9724,               0.995,             0.70544,              0.0358,           0.0059849,           0.0029781,            0.008119,            0.008119,            0.008119
                  59,            0.032564,            0.014358,           0.0038361,             0.90024,             0.97039,             0.97674,             0.72317,            0.030454,           0.0058972,           0.0027743,            0.008086,            0.008086,            0.008086
                  60,            0.037133,            0.015515,           0.0038572,              0.9134,             0.97631,             0.99167,             0.74611,            0.035121,           0.0058815,           0.0025844,            0.008053,            0.008053,            0.008053
                  61,            0.036287,            0.013161,           0.0039636,             0.89084,             0.99893,             0.96306,             0.72219,            0.030935,           0.0057166,           0.0025935,             0.00802,             0.00802,             0.00802
                  62,            0.031788,            0.013802,           0.0040134,             0.98485,             0.97938,               0.995,             0.77652,            0.030697,           0.0053358,           0.0025546,            0.007987,            0.007987,            0.007987
                  63,            0.032168,            0.012842,           0.0042044,             0.95294,                   1,             0.98188,             0.78961,            0.026592,           0.0052536,           0.0025467,            0.007954,            0.007954,            0.007954
                  64,            0.033263,            0.013616,           0.0036104,             0.81121,             0.96875,                0.89,             0.59531,            0.035875,           0.0058588,           0.0023703,            0.007921,            0.007921,            0.007921
                  65,            0.037245,             0.01475,           0.0038545,             0.85137,             0.99936,             0.97722,               0.708,            0.032178,           0.0056523,           0.0022327,            0.007888,            0.007888,            0.007888
                  66,            0.033093,            0.013614,           0.0053714,             0.88217,             0.93938,               0.995,             0.80764,            0.031806,            0.005907,           0.0027308,            0.007855,            0.007855,            0.007855
                  67,            0.031517,            0.013227,           0.0036013,             0.98246,             0.88553,             0.97438,             0.73881,            0.031013,           0.0058288,           0.0035696,            0.007822,            0.007822,            0.007822
                  68,            0.035598,            0.015767,           0.0048443,             0.98637,             0.92324,               0.995,             0.69125,            0.031981,           0.0063267,           0.0030038,            0.007789,            0.007789,            0.007789
                  69,             0.03806,            0.016677,           0.0035824,             0.90931,              0.8833,               0.962,             0.64462,            0.038492,            0.006601,           0.0025959,            0.007756,            0.007756,            0.007756
                  70,            0.038111,            0.016316,           0.0037137,             0.88559,                   1,               0.962,             0.67898,            0.031819,           0.0061882,           0.0021238,            0.007723,            0.007723,            0.007723
                  71,            0.029863,            0.013075,            0.003725,             0.99268,             0.99967,               0.995,             0.76233,            0.026231,           0.0057571,            0.001975,             0.00769,             0.00769,             0.00769
                  72,            0.030988,            0.013048,           0.0031945,             0.99497,                   1,               0.995,              0.6927,            0.029044,           0.0062102,           0.0019037,            0.007657,            0.007657,            0.007657
                  73,            0.031706,            0.015641,           0.0032926,             0.99242,                   1,               0.995,             0.70443,            0.031884,           0.0060541,           0.0017781,            0.007624,            0.007624,            0.007624
                  74,            0.033889,            0.012748,           0.0028795,             0.98631,             0.93343,               0.995,             0.73381,            0.028537,           0.0062913,           0.0017674,            0.007591,            0.007591,            0.007591
                  75,            0.028769,            0.014209,             0.00373,             0.93629,              0.9555,             0.98806,             0.80623,            0.025456,           0.0057202,           0.0017645,            0.007558,            0.007558,            0.007558
                  76,            0.027005,            0.014839,           0.0033327,             0.94611,             0.99849,               0.995,             0.81919,            0.029812,           0.0054235,           0.0017838,            0.007525,            0.007525,            0.007525
                  77,            0.029821,             0.01348,           0.0030073,             0.99052,             0.96429,             0.99063,             0.78898,            0.029125,           0.0053957,           0.0017896,            0.007492,            0.007492,            0.007492
                  78,            0.029748,            0.015452,           0.0040588,             0.90169,             0.94098,             0.97104,             0.80838,            0.029852,           0.0053614,           0.0043963,            0.007459,            0.007459,            0.007459
                  79,            0.030122,             0.01327,           0.0035711,              0.9869,             0.98573,               0.995,             0.81006,            0.024425,           0.0057546,           0.0022782,            0.007426,            0.007426,            0.007426
                  80,            0.031079,            0.013681,           0.0056985,               0.883,             0.95925,                0.97,             0.64892,            0.028009,           0.0062113,            0.005914,            0.007393,            0.007393,            0.007393
                  81,            0.031307,            0.013631,           0.0035428,               0.868,              0.9765,             0.99063,              0.7511,            0.025832,           0.0060724,           0.0058134,             0.00736,             0.00736,             0.00736
                  82,              0.0318,            0.013848,            0.004542,              0.9965,             0.94028,               0.995,              0.7554,            0.027191,           0.0057644,           0.0024279,            0.007327,            0.007327,            0.007327
                  83,            0.025493,            0.012231,           0.0039774,             0.95825,             0.96414,             0.98729,             0.80246,            0.019729,           0.0053219,           0.0034618,            0.007294,            0.007294,            0.007294
                  84,            0.028544,            0.016269,           0.0031368,             0.98095,             0.97178,               0.995,             0.77994,            0.024143,           0.0057446,           0.0030868,            0.007261,            0.007261,            0.007261
                  85,            0.029528,            0.014559,           0.0027059,             0.95156,             0.98831,             0.99167,             0.74446,            0.023606,           0.0056777,           0.0029039,            0.007228,            0.007228,            0.007228
                  86,             0.02753,            0.013991,           0.0039161,             0.94883,             0.99982,               0.995,             0.79819,            0.021551,           0.0058385,           0.0023153,            0.007195,            0.007195,            0.007195
                  87,            0.026146,            0.014488,           0.0028032,             0.98413,             0.99978,               0.995,             0.81217,            0.018367,             0.00557,           0.0018311,            0.007162,            0.007162,            0.007162
                  88,            0.025965,            0.013125,           0.0025647,             0.98554,             0.99983,               0.995,              0.7328,            0.028839,           0.0055983,           0.0018483,            0.007129,            0.007129,            0.007129
                  89,            0.028491,            0.013882,           0.0033562,             0.97975,                   1,               0.995,             0.78529,             0.02442,           0.0054975,           0.0019106,            0.007096,            0.007096,            0.007096
                  90,            0.029496,            0.016083,           0.0035067,             0.98743,                   1,               0.995,             0.81531,            0.022122,           0.0051366,           0.0021107,            0.007063,            0.007063,            0.007063
                  91,            0.023175,            0.011879,           0.0026924,             0.97761,             0.99988,               0.995,             0.86337,            0.017704,           0.0047522,            0.002282,             0.00703,             0.00703,             0.00703
                  92,            0.025478,            0.012214,           0.0031715,             0.94286,                   1,               0.995,             0.81998,            0.024674,           0.0050862,           0.0027959,            0.006997,            0.006997,            0.006997
                  93,            0.028056,            0.012483,            0.002926,             0.89158,                   1,               0.995,             0.73863,            0.026814,            0.005287,           0.0036797,            0.006964,            0.006964,            0.006964
                  94,              0.0253,            0.014781,           0.0030243,             0.91872,             0.99988,               0.995,             0.77232,             0.01856,           0.0051626,           0.0032723,            0.006931,            0.006931,            0.006931
                  95,            0.023527,            0.014484,           0.0031962,             0.98689,             0.99996,               0.995,             0.83306,            0.019735,           0.0050042,           0.0020666,            0.006898,            0.006898,            0.006898
                  96,            0.027855,            0.012474,           0.0029127,             0.99224,                   1,               0.995,             0.74711,            0.025559,           0.0053404,           0.0019745,            0.006865,            0.006865,            0.006865
                  97,            0.032163,            0.012314,           0.0034463,             0.98969,                   1,               0.995,             0.70063,            0.030734,            0.005506,           0.0016212,            0.006832,            0.006832,            0.006832
                  98,            0.031651,            0.014858,           0.0035655,             0.97976,             0.99984,               0.995,             0.79761,            0.020037,           0.0050428,           0.0019871,            0.006799,            0.006799,            0.006799
                  99,            0.021502,             0.01075,           0.0031278,             0.97376,                   1,               0.995,             0.84956,             0.01828,           0.0047323,           0.0020786,            0.006766,            0.006766,            0.006766
                 100,            0.025102,            0.013851,           0.0026016,             0.98296,             0.99997,               0.995,             0.82763,            0.023827,           0.0047819,           0.0017795,            0.006733,            0.006733,            0.006733
                 101,            0.029214,            0.014863,           0.0023488,             0.98614,                   1,               0.995,             0.71757,            0.025175,           0.0050744,           0.0017716,              0.0067,              0.0067,              0.0067
                 102,            0.025773,            0.012246,           0.0032074,             0.98768,                   1,               0.995,             0.77677,            0.022129,           0.0051521,           0.0017603,            0.006667,            0.006667,            0.006667
                 103,            0.023157,            0.013206,           0.0024033,             0.98761,                   1,               0.995,              0.8743,            0.017333,           0.0046823,           0.0016909,            0.006634,            0.006634,            0.006634
                 104,             0.02465,            0.014636,           0.0028175,             0.98802,             0.99989,               0.995,             0.74565,            0.021902,            0.004848,           0.0016285,            0.006601,            0.006601,            0.006601
                 105,             0.02666,            0.012281,           0.0029739,             0.99338,                   1,               0.995,             0.81601,            0.022886,           0.0049619,           0.0015845,            0.006568,            0.006568,            0.006568
                 106,            0.022789,            0.011771,           0.0022127,             0.99668,                   1,               0.995,             0.79995,            0.018384,           0.0049612,           0.0016283,            0.006535,            0.006535,            0.006535
                 107,            0.020248,            0.011093,           0.0024499,             0.99759,              0.9999,               0.995,             0.81111,             0.02094,           0.0049711,           0.0015878,            0.006502,            0.006502,            0.006502
                 108,              0.0286,            0.012711,           0.0022609,             0.99662,                   1,               0.995,              0.7221,            0.028778,            0.005481,           0.0014874,            0.006469,            0.006469,            0.006469
                 109,            0.034202,            0.011089,            0.002377,             0.96011,             0.99956,               0.995,              0.7647,            0.026411,           0.0054814,           0.0014975,            0.006436,            0.006436,            0.006436
                 110,            0.025856,            0.012686,           0.0025575,             0.97837,                   1,               0.995,              0.7861,            0.022869,           0.0051222,           0.0016242,            0.006403,            0.006403,            0.006403
                 111,            0.024256,            0.011663,           0.0021406,             0.99618,             0.96605,               0.995,             0.82658,            0.015613,           0.0048092,           0.0018682,             0.00637,             0.00637,             0.00637
                 112,            0.019528,            0.011109,           0.0025177,             0.99595,             0.96486,               0.995,             0.81698,            0.016375,           0.0047949,           0.0020759,            0.006337,            0.006337,            0.006337
                 113,             0.02097,            0.012506,           0.0025742,             0.99211,             0.96573,               0.995,             0.82897,            0.016081,            0.004986,           0.0021492,            0.006304,            0.006304,            0.006304
                 114,            0.018247,             0.01116,           0.0027555,             0.98431,                   1,               0.995,             0.84699,            0.018295,           0.0051873,           0.0015305,            0.006271,            0.006271,            0.006271
                 115,            0.021217,            0.011647,           0.0029109,             0.98808,             0.99996,               0.995,              0.8176,            0.015523,           0.0047251,           0.0017073,            0.006238,            0.006238,            0.006238
                 116,            0.021493,            0.012387,           0.0025155,             0.98879,                   1,               0.995,             0.78001,            0.020599,           0.0050512,           0.0015775,            0.006205,            0.006205,            0.006205
                 117,            0.026142,             0.01516,            0.002552,             0.99194,                   1,               0.995,             0.80515,            0.017321,           0.0048648,           0.0016547,            0.006172,            0.006172,            0.006172
                 118,            0.020729,            0.014966,           0.0030778,             0.99561,                   1,               0.995,             0.81264,            0.017114,           0.0050598,           0.0016108,            0.006139,            0.006139,            0.006139
                 119,            0.018429,            0.011906,           0.0023247,             0.99537,                   1,               0.995,             0.88196,            0.014395,           0.0045731,           0.0016245,            0.006106,            0.006106,            0.006106
                 120,            0.020493,            0.011381,           0.0027642,             0.99573,                   1,               0.995,             0.78984,            0.022995,           0.0047871,           0.0016178,            0.006073,            0.006073,            0.006073
                 121,            0.023983,            0.014516,            0.002794,             0.99328,                   1,               0.995,             0.82907,            0.019616,            0.004605,           0.0016157,             0.00604,             0.00604,             0.00604
                 122,            0.024597,            0.010415,           0.0022083,             0.99538,                   1,               0.995,             0.76062,            0.021882,           0.0046116,           0.0016152,            0.006007,            0.006007,            0.006007
                 123,            0.021416,            0.012933,           0.0023148,             0.98554,                   1,               0.995,             0.82394,            0.017817,           0.0044818,            0.001837,            0.005974,            0.005974,            0.005974
                 124,            0.020291,            0.011982,           0.0028555,             0.97743,             0.99978,               0.995,             0.81168,            0.019428,           0.0049839,           0.0020757,            0.005941,            0.005941,            0.005941
                 125,            0.021511,            0.010744,           0.0022974,             0.98771,                   1,               0.995,             0.81961,            0.019117,            0.005039,           0.0018015,            0.005908,            0.005908,            0.005908
                 126,            0.020763,            0.010631,            0.002377,             0.98436,                   1,               0.995,             0.81653,            0.019869,           0.0052835,           0.0017857,            0.005875,            0.005875,            0.005875
                 127,            0.021936,            0.015007,           0.0021681,             0.98431,             0.99991,               0.995,             0.85137,            0.015638,           0.0047345,           0.0016905,            0.005842,            0.005842,            0.005842
                 128,            0.019808,            0.010963,           0.0024685,             0.98858,                   1,               0.995,             0.81571,            0.016213,           0.0048569,           0.0016552,            0.005809,            0.005809,            0.005809
                 129,            0.019966,            0.012952,            0.002973,             0.92607,             0.95033,               0.995,             0.81283,            0.016062,            0.005016,           0.0038943,            0.005776,            0.005776,            0.005776
                 130,            0.018428,            0.010948,           0.0024045,             0.98022,                   1,               0.995,             0.84313,             0.02051,           0.0047427,           0.0018307,            0.005743,            0.005743,            0.005743
                 131,            0.021714,            0.010809,           0.0021214,             0.99476,                   1,               0.995,             0.82367,            0.017321,           0.0049381,            0.001591,             0.00571,             0.00571,             0.00571
                 132,            0.020596,            0.011339,            0.002109,             0.99701,                   1,               0.995,             0.81947,            0.020179,           0.0053962,           0.0015358,            0.005677,            0.005677,            0.005677
                 133,            0.023323,            0.010586,           0.0017803,             0.99352,                   1,               0.995,             0.81129,            0.017111,           0.0052529,            0.001488,            0.005644,            0.005644,            0.005644
                 134,            0.019575,            0.012835,           0.0019457,             0.98976,                   1,               0.995,              0.8121,            0.019777,           0.0050676,           0.0014668,            0.005611,            0.005611,            0.005611
                 135,            0.018975,            0.010489,           0.0024386,             0.98699,                   1,               0.995,             0.82637,            0.014543,           0.0048807,           0.0015787,            0.005578,            0.005578,            0.005578
                 136,              0.0193,            0.011765,           0.0019308,             0.98716,                   1,               0.995,              0.8352,            0.019219,           0.0050867,           0.0016754,            0.005545,            0.005545,            0.005545
                 137,            0.022153,            0.011341,           0.0050709,             0.96191,             0.99999,               0.995,             0.81201,            0.018436,            0.004903,           0.0024401,            0.005512,            0.005512,            0.005512
                 138,            0.019483,            0.013269,           0.0017196,             0.93068,             0.99994,               0.995,             0.83215,            0.018906,           0.0048816,           0.0029413,            0.005479,            0.005479,            0.005479
                 139,             0.01808,            0.010512,           0.0024145,             0.98386,                   1,               0.995,             0.82227,            0.017144,           0.0047713,           0.0022144,            0.005446,            0.005446,            0.005446
                 140,            0.018639,            0.012182,           0.0022527,             0.98421,                   1,               0.995,             0.84869,            0.018262,           0.0050844,           0.0020995,            0.005413,            0.005413,            0.005413
                 141,            0.020314,            0.010659,           0.0021775,              0.9855,                   1,               0.995,             0.78953,            0.017353,           0.0052269,            0.002095,             0.00538,             0.00538,             0.00538
                 142,            0.018327,            0.011214,           0.0028494,             0.98426,                   1,               0.995,              0.8171,            0.017079,           0.0054485,           0.0022296,            0.005347,            0.005347,            0.005347
                 143,            0.017931,             0.01129,           0.0023631,             0.96042,             0.99979,               0.995,             0.82574,            0.015519,           0.0049662,           0.0026853,            0.005314,            0.005314,            0.005314
                 144,            0.019232,             0.01037,           0.0019083,             0.99227,             0.96438,               0.995,             0.84435,            0.017752,           0.0051334,           0.0028981,            0.005281,            0.005281,            0.005281
                 145,            0.022766,            0.011781,            0.001641,             0.98773,             0.96433,               0.995,             0.78784,            0.018157,           0.0051255,           0.0034525,            0.005248,            0.005248,            0.005248
                 146,            0.020167,            0.010704,           0.0030121,             0.99107,             0.96431,               0.995,             0.85249,            0.015553,           0.0049296,           0.0030729,            0.005215,            0.005215,            0.005215
                 147,            0.017673,            0.010444,           0.0023211,              0.9779,             0.98054,               0.995,             0.84868,             0.01399,           0.0048889,           0.0019969,            0.005182,            0.005182,            0.005182
                 148,            0.015192,            0.010699,           0.0016639,             0.97073,             0.99996,               0.995,             0.85418,             0.01468,           0.0047931,           0.0018191,            0.005149,            0.005149,            0.005149
                 149,            0.017093,            0.010967,           0.0019464,             0.97851,                   1,               0.995,             0.87346,            0.015107,           0.0046936,           0.0018054,            0.005116,            0.005116,            0.005116
                 150,            0.017188,            0.011996,           0.0018586,             0.96505,                   1,               0.995,              0.8431,            0.015913,           0.0046805,           0.0017458,            0.005083,            0.005083,            0.005083
                 151,            0.018228,            0.010253,           0.0021541,             0.97203,             0.99987,               0.995,              0.8794,            0.013849,           0.0044654,           0.0015619,             0.00505,             0.00505,             0.00505
                 152,            0.016842,            0.011733,           0.0016227,             0.97017,             0.99984,               0.995,             0.81334,            0.017956,           0.0049764,           0.0015931,            0.005017,            0.005017,            0.005017
                 153,            0.021236,            0.014775,           0.0020767,             0.98133,                   1,               0.995,             0.85409,            0.016426,           0.0048477,            0.001504,            0.004984,            0.004984,            0.004984
                 154,            0.020946,            0.011552,           0.0030661,              0.9942,                   1,               0.995,              0.8052,            0.020447,           0.0050152,           0.0017981,            0.004951,            0.004951,            0.004951
                 155,             0.01955,            0.012617,           0.0018383,             0.99733,                   1,               0.995,             0.80276,            0.017057,           0.0047644,           0.0020463,            0.004918,            0.004918,            0.004918
                 156,             0.02069,             0.01094,           0.0027495,              0.9972,             0.99985,               0.995,             0.80168,            0.017387,           0.0049475,           0.0020858,            0.004885,            0.004885,            0.004885
                 157,            0.022736,            0.010873,            0.001921,             0.99519,                   1,               0.995,             0.77745,            0.023304,            0.004938,           0.0020834,            0.004852,            0.004852,            0.004852
                 158,            0.020334,            0.011845,           0.0018561,             0.99532,                   1,               0.995,             0.82161,            0.014803,           0.0049428,           0.0019896,            0.004819,            0.004819,            0.004819
                 159,            0.018016,            0.012823,           0.0022419,             0.99583,                   1,               0.995,             0.83503,            0.014423,           0.0047177,           0.0019819,            0.004786,            0.004786,            0.004786
                 160,            0.016639,           0.0099337,           0.0020115,             0.99721,             0.99992,               0.995,             0.83672,            0.014422,           0.0047614,           0.0020636,            0.004753,            0.004753,            0.004753
                 161,            0.017555,            0.011911,            0.001614,              0.9963,                   1,               0.995,             0.84067,            0.015636,           0.0048954,           0.0017916,             0.00472,             0.00472,             0.00472
                 162,            0.016185,            0.010895,           0.0018765,             0.99418,                   1,               0.995,             0.79862,            0.014842,           0.0049326,           0.0015432,            0.004687,            0.004687,            0.004687
                 163,             0.01654,            0.010765,           0.0018557,             0.99457,             0.99997,               0.995,             0.82552,            0.015465,           0.0049113,           0.0013757,            0.004654,            0.004654,            0.004654
                 164,             0.01842,            0.010136,           0.0017579,               0.993,                   1,               0.995,             0.84251,            0.018855,           0.0050465,           0.0013452,            0.004621,            0.004621,            0.004621
                 165,            0.022346,            0.011187,           0.0016555,             0.99138,                   1,               0.995,             0.80962,            0.017314,           0.0049702,           0.0012324,            0.004588,            0.004588,            0.004588
                 166,             0.01967,            0.010926,            0.002331,             0.99103,                   1,               0.995,             0.84215,            0.016094,           0.0048958,           0.0013863,            0.004555,            0.004555,            0.004555
                 167,            0.018175,            0.011936,           0.0017044,             0.98994,                   1,               0.995,             0.86248,            0.013297,           0.0045637,           0.0014195,            0.004522,            0.004522,            0.004522
                 168,            0.017846,            0.012633,           0.0024494,             0.98937,             0.99992,               0.995,             0.81821,            0.017409,           0.0046829,            0.001345,            0.004489,            0.004489,            0.004489
                 169,            0.017246,           0.0095242,            0.001745,             0.99488,                   1,               0.995,             0.86174,            0.014208,            0.004796,           0.0012777,            0.004456,            0.004456,            0.004456
                 170,            0.018819,            0.012477,           0.0018317,             0.99772,                   1,               0.995,             0.83292,            0.017296,           0.0049858,           0.0012304,            0.004423,            0.004423,            0.004423
                 171,            0.016742,            0.010942,           0.0017371,             0.99682,                   1,               0.995,              0.8487,            0.014256,           0.0048225,           0.0015762,             0.00439,             0.00439,             0.00439
                 172,            0.016987,            0.010766,           0.0015354,             0.99052,                   1,               0.995,              0.8448,            0.015932,           0.0049849,           0.0018755,            0.004357,            0.004357,            0.004357
                 173,            0.017337,            0.010145,           0.0019304,             0.98946,                   1,               0.995,             0.81365,            0.015374,            0.004925,           0.0020171,            0.004324,            0.004324,            0.004324
                 174,            0.017355,            0.010324,           0.0017921,             0.99815,                   1,               0.995,             0.87193,            0.014476,           0.0047305,           0.0017074,            0.004291,            0.004291,            0.004291
                 175,            0.015666,           0.0088167,           0.0016199,              0.9968,                   1,               0.995,             0.85005,            0.013628,           0.0046191,           0.0016503,            0.004258,            0.004258,            0.004258
                 176,            0.016817,             0.01088,           0.0018385,             0.99547,                   1,               0.995,             0.85562,            0.015763,           0.0048087,           0.0015645,            0.004225,            0.004225,            0.004225
                 177,            0.016749,           0.0097537,           0.0016695,             0.99405,              0.9998,               0.995,             0.85658,            0.014499,           0.0047122,           0.0014588,            0.004192,            0.004192,            0.004192
                 178,            0.014936,           0.0097304,           0.0016504,             0.99256,                   1,               0.995,              0.8535,             0.01519,           0.0048948,           0.0012623,            0.004159,            0.004159,            0.004159
                 179,            0.014668,            0.010163,           0.0013652,             0.99381,                   1,               0.995,             0.88755,            0.013678,           0.0044766,           0.0011516,            0.004126,            0.004126,            0.004126
                 180,            0.014478,            0.010491,           0.0013246,             0.99356,                   1,               0.995,             0.83556,            0.013632,           0.0044492,           0.0011137,            0.004093,            0.004093,            0.004093
                 181,            0.016632,           0.0086828,           0.0023394,             0.99444,                   1,               0.995,              0.8679,            0.015229,           0.0044509,           0.0012229,             0.00406,             0.00406,             0.00406
                 182,            0.015965,           0.0091017,           0.0013842,             0.99625,                   1,               0.995,             0.83778,            0.013814,           0.0044982,           0.0013187,            0.004027,            0.004027,            0.004027
                 183,            0.013652,            0.011028,           0.0013551,              0.9941,                   1,               0.995,             0.85563,            0.013633,           0.0045439,           0.0014621,            0.003994,            0.003994,            0.003994
                 184,            0.015176,           0.0082715,           0.0021967,             0.97779,                   1,               0.995,             0.88493,            0.014061,            0.004653,           0.0016762,            0.003961,            0.003961,            0.003961
                 185,            0.017434,           0.0093571,           0.0015962,             0.99397,             0.96479,               0.995,             0.84313,            0.013865,           0.0047709,             0.00209,            0.003928,            0.003928,            0.003928
                 186,            0.015197,            0.011105,           0.0014245,             0.97556,              0.9999,               0.995,              0.8605,            0.013845,           0.0048496,           0.0015457,            0.003895,            0.003895,            0.003895
                 187,            0.014201,           0.0089068,           0.0013477,             0.98619,                   1,               0.995,             0.84982,            0.013162,           0.0046426,           0.0013124,            0.003862,            0.003862,            0.003862
                 188,            0.014677,           0.0097334,           0.0015698,             0.98824,                   1,               0.995,             0.82035,            0.016487,           0.0046407,           0.0013124,            0.003829,            0.003829,            0.003829
                 189,            0.017712,            0.010377,           0.0019139,             0.99016,             0.99994,               0.995,             0.86026,            0.014842,           0.0044944,           0.0015241,            0.003796,            0.003796,            0.003796
                 190,            0.018358,            0.011032,           0.0012376,              0.9955,                   1,               0.995,             0.79702,            0.015919,           0.0044809,           0.0019685,            0.003763,            0.003763,            0.003763
                 191,             0.01501,           0.0097712,           0.0017124,             0.98422,                   1,               0.995,             0.85853,            0.013451,           0.0042759,           0.0024442,             0.00373,             0.00373,             0.00373
                 192,            0.013849,            0.010001,           0.0020658,             0.97804,                   1,               0.995,              0.8539,            0.014108,           0.0045073,           0.0026128,            0.003697,            0.003697,            0.003697
                 193,            0.017083,            0.008907,            0.002097,             0.96369,             0.99997,               0.995,             0.84613,            0.016434,           0.0046028,           0.0027903,            0.003664,            0.003664,            0.003664
                 194,            0.015061,           0.0098403,           0.0016224,             0.99183,                   1,               0.995,             0.86696,            0.013873,           0.0045609,           0.0020785,            0.003631,            0.003631,            0.003631
                 195,            0.014613,           0.0084987,            0.001538,             0.99501,                   1,               0.995,             0.87415,            0.013622,            0.004551,           0.0015548,            0.003598,            0.003598,            0.003598
                 196,            0.013912,            0.010437,           0.0015168,             0.99439,                   1,               0.995,             0.88602,            0.013016,           0.0044422,           0.0014155,            0.003565,            0.003565,            0.003565
                 197,            0.015358,            0.010786,           0.0016032,              0.9941,                   1,               0.995,             0.84415,            0.014805,           0.0045479,           0.0012447,            0.003532,            0.003532,            0.003532
                 198,            0.014969,            0.010355,           0.0012776,             0.99322,                   1,               0.995,             0.85165,            0.013479,           0.0043671,            0.001157,            0.003499,            0.003499,            0.003499
                 199,             0.01333,            0.010759,           0.0012994,             0.99587,                   1,               0.995,             0.86773,            0.012233,           0.0043105,           0.0012389,            0.003466,            0.003466,            0.003466
                 200,            0.012609,           0.0096962,           0.0020941,             0.99561,                   1,               0.995,             0.86877,            0.013982,           0.0045074,           0.0012728,            0.003433,            0.003433,            0.003433
                 201,            0.014653,           0.0093124,           0.0012836,             0.99438,                   1,               0.995,             0.86516,             0.01352,           0.0044592,           0.0012852,              0.0034,              0.0034,              0.0034
                 202,            0.014808,           0.0090194,           0.0012568,             0.99485,                   1,               0.995,             0.87665,            0.012935,           0.0045254,           0.0014521,            0.003367,            0.003367,            0.003367
                 203,            0.013568,             0.01015,           0.0010535,             0.99399,                   1,               0.995,             0.85574,            0.012904,           0.0043806,           0.0013717,            0.003334,            0.003334,            0.003334
                 204,            0.013356,            0.009075,           0.0012183,             0.99461,                   1,               0.995,             0.80333,            0.015914,             0.00465,           0.0013486,            0.003301,            0.003301,            0.003301
                 205,            0.014984,            0.010976,           0.0012207,             0.99373,                   1,               0.995,             0.85648,            0.013586,           0.0046807,             0.00118,            0.003268,            0.003268,            0.003268
                 206,            0.015555,           0.0098563,           0.0022585,             0.99547,                   1,               0.995,             0.85372,            0.014017,           0.0047276,          0.00097341,            0.003235,            0.003235,            0.003235
                 207,            0.013297,           0.0088273,           0.0010125,             0.99629,                   1,               0.995,             0.86078,             0.01408,           0.0045912,          0.00089584,            0.003202,            0.003202,            0.003202
                 208,            0.013519,            0.010952,           0.0011779,             0.99671,                   1,               0.995,             0.88808,            0.012456,            0.004512,          0.00088112,            0.003169,            0.003169,            0.003169
                 209,            0.014756,           0.0099747,           0.0011469,             0.99678,                   1,               0.995,              0.8739,            0.013629,            0.004493,           0.0009033,            0.003136,            0.003136,            0.003136
                 210,            0.013009,            0.010017,           0.0010645,             0.99691,                   1,               0.995,             0.86315,            0.013526,           0.0046176,          0.00097259,            0.003103,            0.003103,            0.003103
                 211,             0.01556,           0.0089344,           0.0010042,             0.99712,                   1,               0.995,             0.84807,            0.013324,           0.0046018,           0.0010243,             0.00307,             0.00307,             0.00307
                 212,            0.013752,            0.011124,            0.001135,             0.99651,                   1,               0.995,             0.87454,            0.012433,           0.0046701,             0.00104,            0.003037,            0.003037,            0.003037
                 213,            0.014964,           0.0097453,           0.0014419,             0.99574,                   1,               0.995,             0.84018,            0.016211,           0.0047944,           0.0010298,            0.003004,            0.003004,            0.003004
                 214,            0.014558,           0.0090749,            0.001504,             0.99502,                   1,               0.995,             0.86457,            0.013647,           0.0045762,            0.001096,            0.002971,            0.002971,            0.002971
                 215,            0.014242,           0.0099139,           0.0010801,             0.99506,                   1,               0.995,             0.87812,            0.012158,           0.0046287,           0.0011452,            0.002938,            0.002938,            0.002938
                 216,              0.0134,           0.0095441,          0.00090651,             0.99351,                   1,               0.995,             0.83951,            0.014453,            0.004708,            0.001179,            0.002905,            0.002905,            0.002905
                 217,            0.014806,           0.0095148,          0.00092343,             0.99262,                   1,               0.995,             0.87841,            0.013027,            0.004604,           0.0012383,            0.002872,            0.002872,            0.002872
                 218,            0.013564,           0.0096815,           0.0010898,             0.99046,                   1,               0.995,             0.83962,            0.014261,           0.0045616,           0.0013558,            0.002839,            0.002839,            0.002839
                 219,            0.013504,           0.0084883,            0.001064,             0.99284,                   1,               0.995,             0.84851,            0.014306,           0.0046432,           0.0012492,            0.002806,            0.002806,            0.002806
                 220,             0.01223,            0.009403,           0.0016158,             0.99818,                   1,               0.995,             0.84623,            0.012792,           0.0046394,           0.0013568,            0.002773,            0.002773,            0.002773
                 221,             0.01403,            0.011987,           0.0017985,             0.99841,                   1,               0.995,             0.85133,            0.014181,           0.0047373,           0.0014771,             0.00274,             0.00274,             0.00274
                 222,              0.0123,           0.0082067,           0.0010421,             0.99818,                   1,               0.995,             0.85474,            0.012271,           0.0047138,            0.001524,            0.002707,            0.002707,            0.002707
                 223,            0.011542,           0.0085064,            0.001307,             0.99791,                   1,               0.995,             0.86155,            0.012658,            0.004758,           0.0013311,            0.002674,            0.002674,            0.002674
                 224,            0.013009,           0.0087601,           0.0011897,             0.99789,                   1,               0.995,             0.83121,            0.013889,           0.0048453,           0.0012506,            0.002641,            0.002641,            0.002641
                 225,            0.012208,           0.0077401,           0.0011781,             0.99785,                   1,               0.995,               0.865,            0.012484,           0.0048971,           0.0010619,            0.002608,            0.002608,            0.002608
                 226,            0.012087,            0.009174,           0.0012498,             0.99785,                   1,               0.995,             0.85065,            0.013462,           0.0051353,          0.00097956,            0.002575,            0.002575,            0.002575
                 227,            0.012426,           0.0089916,           0.0017021,             0.99814,                   1,               0.995,             0.86839,            0.012394,            0.005031,          0.00096904,            0.002542,            0.002542,            0.002542
                 228,            0.011888,           0.0080915,           0.0012242,             0.99832,                   1,               0.995,             0.86861,            0.013471,           0.0051425,          0.00095523,            0.002509,            0.002509,            0.002509
                 229,            0.012708,           0.0076581,          0.00088295,             0.99764,                   1,               0.995,             0.86657,            0.013575,           0.0051288,          0.00084207,            0.002476,            0.002476,            0.002476
                 230,            0.011943,             0.01056,           0.0010621,             0.99777,                   1,               0.995,             0.86691,            0.012631,           0.0049762,          0.00076058,            0.002443,            0.002443,            0.002443
                 231,            0.010912,            0.008856,          0.00086096,             0.99793,                   1,               0.995,               0.877,            0.012707,           0.0046905,          0.00074263,             0.00241,             0.00241,             0.00241
                 232,            0.012295,           0.0095163,           0.0011295,             0.99815,                   1,               0.995,             0.89371,            0.013255,           0.0046665,          0.00072241,            0.002377,            0.002377,            0.002377
                 233,            0.013293,            0.010035,           0.0014097,             0.99832,                   1,               0.995,             0.87064,            0.012734,           0.0045537,          0.00078185,            0.002344,            0.002344,            0.002344
                 234,            0.012362,           0.0093519,          0.00098427,              0.9985,                   1,               0.995,             0.86836,            0.013101,           0.0046736,          0.00099689,            0.002311,            0.002311,            0.002311
                 235,            0.011775,           0.0099021,           0.0013276,             0.99785,                   1,               0.995,             0.87416,            0.012737,           0.0047228,           0.0012975,            0.002278,            0.002278,            0.002278
                 236,            0.011496,           0.0085393,           0.0010069,              0.9978,                   1,               0.995,             0.88327,            0.012541,           0.0047036,           0.0013481,            0.002245,            0.002245,            0.002245
                 237,             0.01182,           0.0090265,          0.00079662,             0.99748,                   1,               0.995,             0.86918,            0.013299,           0.0047554,           0.0015167,            0.002212,            0.002212,            0.002212
                 238,            0.011711,           0.0099513,           0.0012605,             0.99672,                   1,               0.995,             0.86869,             0.01228,           0.0047959,           0.0016144,            0.002179,            0.002179,            0.002179
                 239,             0.01056,           0.0080547,          0.00097577,             0.99556,                   1,               0.995,             0.86752,             0.01226,           0.0047311,           0.0017327,            0.002146,            0.002146,            0.002146
                 240,             0.01179,           0.0076798,           0.0010241,             0.99527,                   1,               0.995,             0.85938,            0.012894,           0.0046654,           0.0017124,            0.002113,            0.002113,            0.002113
                 241,            0.010945,           0.0083356,          0.00097679,             0.99612,                   1,               0.995,             0.86694,            0.012355,           0.0046287,            0.001645,             0.00208,             0.00208,             0.00208
                 242,            0.010999,           0.0080581,          0.00073935,             0.99707,                   1,               0.995,             0.87488,            0.012144,           0.0046677,           0.0015748,            0.002047,            0.002047,            0.002047
                 243,            0.010209,           0.0097272,          0.00089702,             0.99746,                   1,               0.995,             0.85442,            0.012187,           0.0046722,           0.0014901,            0.002014,            0.002014,            0.002014
                 244,            0.011329,             0.01016,           0.0011123,             0.99736,                   1,               0.995,             0.85314,            0.012904,           0.0047019,           0.0014706,            0.001981,            0.001981,            0.001981
                 245,            0.011463,           0.0085995,          0.00092626,             0.99707,                   1,               0.995,             0.85634,            0.012712,           0.0047987,           0.0014729,            0.001948,            0.001948,            0.001948
                 246,            0.011204,           0.0092238,          0.00091305,             0.99736,                   1,               0.995,             0.83106,            0.013529,           0.0050233,           0.0014677,            0.001915,            0.001915,            0.001915
                 247,            0.010683,           0.0089791,          0.00073775,             0.99747,                   1,               0.995,             0.86507,            0.012484,           0.0051783,           0.0013976,            0.001882,            0.001882,            0.001882
                 248,            0.010335,           0.0090417,           0.0010954,             0.99749,                   1,               0.995,             0.83991,            0.013394,            0.005323,           0.0013994,            0.001849,            0.001849,            0.001849
                 249,            0.011797,           0.0079335,           0.0017742,             0.99853,                   1,               0.995,             0.88275,            0.013035,           0.0052974,          0.00073831,            0.001816,            0.001816,            0.001816
                 250,            0.010708,           0.0088372,           0.0007771,             0.98601,             0.99999,               0.995,             0.85092,            0.013898,           0.0051006,          0.00088542,            0.001783,            0.001783,            0.001783
                 251,            0.011805,           0.0074964,          0.00077821,             0.99455,             0.93918,               0.995,             0.86157,             0.01272,           0.0049701,              0.0019,             0.00175,             0.00175,             0.00175
                 252,            0.010271,            0.010132,           0.0008683,             0.99036,             0.93902,               0.995,              0.8645,            0.012641,           0.0050595,           0.0023126,            0.001717,            0.001717,            0.001717
                 253,            0.011265,           0.0072644,           0.0011739,             0.98886,             0.93913,               0.995,             0.87347,            0.013339,           0.0050614,           0.0023255,            0.001684,            0.001684,            0.001684
                 254,           0.0098946,           0.0088822,          0.00083537,             0.97913,             0.93891,               0.995,             0.87728,            0.012435,           0.0049619,           0.0028042,            0.001651,            0.001651,            0.001651
                 255,            0.011187,           0.0097503,           0.0012456,             0.98851,             0.93913,               0.995,             0.87681,             0.01236,           0.0048722,           0.0021991,            0.001618,            0.001618,            0.001618
                 256,            0.010599,           0.0089814,           0.0009097,             0.98882,             0.93923,               0.995,             0.87977,            0.012481,           0.0047966,           0.0021152,            0.001585,            0.001585,            0.001585
                 257,            0.010061,           0.0069251,          0.00061378,             0.95611,             0.99982,               0.995,             0.88302,            0.012326,           0.0048696,           0.0013147,            0.001552,            0.001552,            0.001552
                 258,            0.010307,           0.0083635,          0.00082567,              0.9955,                   1,               0.995,             0.86178,            0.013266,           0.0049169,          0.00085678,            0.001519,            0.001519,            0.001519
                 259,            0.010469,           0.0089194,          0.00098626,              0.9982,                   1,               0.995,             0.86021,            0.012644,           0.0047936,          0.00081027,            0.001486,            0.001486,            0.001486
                 260,           0.0099578,           0.0079376,          0.00093989,             0.99767,                   1,               0.995,             0.85972,            0.012405,           0.0047297,          0.00077858,            0.001453,            0.001453,            0.001453
                 261,            0.010233,           0.0081092,          0.00084659,             0.99682,                   1,               0.995,             0.85595,            0.012499,           0.0047089,          0.00075919,             0.00142,             0.00142,             0.00142
                 262,           0.0096321,           0.0060133,          0.00058195,             0.99674,                   1,               0.995,             0.86238,            0.012177,           0.0045378,          0.00082859,            0.001387,            0.001387,            0.001387
                 263,           0.0099845,           0.0071225,          0.00074794,             0.99646,                   1,               0.995,             0.86992,            0.012336,           0.0044787,          0.00089463,            0.001354,            0.001354,            0.001354
                 264,           0.0099531,           0.0084899,          0.00088521,             0.99636,                   1,               0.995,             0.86813,              0.0121,           0.0044001,           0.0009418,            0.001321,            0.001321,            0.001321
                 265,           0.0098404,           0.0070218,           0.0013411,             0.99566,                   1,               0.995,             0.86306,            0.012549,           0.0043538,           0.0010815,            0.001288,            0.001288,            0.001288
                 266,            0.010148,            0.011159,           0.0010359,             0.99507,                   1,               0.995,             0.85573,            0.012486,           0.0043062,           0.0012909,            0.001255,            0.001255,            0.001255
                 267,            0.010093,           0.0077288,           0.0010681,             0.99497,                   1,               0.995,              0.8579,            0.012759,           0.0043612,           0.0014481,            0.001222,            0.001222,            0.001222
                 268,           0.0097882,           0.0080694,          0.00058408,             0.99459,                   1,               0.995,             0.87537,            0.012168,           0.0043786,           0.0015064,            0.001189,            0.001189,            0.001189
                 269,            0.010287,             0.00829,          0.00066073,             0.99527,                   1,               0.995,             0.86788,            0.012468,           0.0044518,           0.0017352,            0.001156,            0.001156,            0.001156
                 270,             0.01029,           0.0077588,           0.0012206,             0.99569,                   1,               0.995,             0.87031,            0.012243,           0.0045684,           0.0019026,            0.001123,            0.001123,            0.001123
                 271,            0.010632,           0.0094503,           0.0023009,             0.99256,                   1,               0.995,             0.87079,            0.012719,           0.0046219,           0.0020765,             0.00109,             0.00109,             0.00109
                 272,            0.010118,           0.0077761,           0.0017837,             0.99362,                   1,               0.995,             0.87092,            0.012259,           0.0045523,           0.0019957,            0.001057,            0.001057,            0.001057
                 273,           0.0093673,           0.0077035,           0.0007297,             0.99571,                   1,               0.995,             0.86796,            0.012518,           0.0045534,           0.0017824,            0.001024,            0.001024,            0.001024
                 274,           0.0090863,           0.0075926,           0.0013401,             0.99688,                   1,               0.995,              0.8701,            0.012169,           0.0044918,           0.0015269,            0.000991,            0.000991,            0.000991
                 275,           0.0095975,           0.0083711,             0.00175,             0.99752,                   1,               0.995,             0.86305,            0.012425,           0.0046069,           0.0015113,            0.000958,            0.000958,            0.000958
                 276,            0.010045,           0.0097231,          0.00079207,             0.99759,                   1,               0.995,             0.85986,            0.012374,           0.0046857,           0.0015252,            0.000925,            0.000925,            0.000925
                 277,           0.0096061,           0.0079437,          0.00067175,             0.99766,                   1,               0.995,              0.8518,            0.012574,           0.0048195,           0.0014217,            0.000892,            0.000892,            0.000892
                 278,           0.0099266,           0.0093901,          0.00083312,             0.99799,                   1,               0.995,             0.86428,            0.012975,           0.0049246,           0.0011992,            0.000859,            0.000859,            0.000859
                 279,           0.0085419,           0.0063106,          0.00068842,             0.99784,                   1,               0.995,             0.86658,            0.012456,            0.004873,           0.0010578,            0.000826,            0.000826,            0.000826
                 280,           0.0098989,           0.0081387,           0.0005129,             0.99788,                   1,               0.995,              0.8674,             0.01238,           0.0048257,            0.001026,            0.000793,            0.000793,            0.000793
                 281,           0.0095067,           0.0076772,          0.00071313,             0.99783,                   1,               0.995,             0.86347,            0.012722,           0.0047852,          0.00087725,             0.00076,             0.00076,             0.00076
                 282,            0.009667,           0.0079184,          0.00069202,             0.99775,                   1,               0.995,             0.85863,            0.012919,           0.0047621,          0.00090294,            0.000727,            0.000727,            0.000727
                 283,           0.0094301,           0.0074157,           0.0010727,             0.99772,                   1,               0.995,             0.85686,            0.012833,           0.0047387,          0.00079929,            0.000694,            0.000694,            0.000694
                 284,           0.0092997,           0.0070693,          0.00048688,             0.99783,                   1,               0.995,             0.86129,            0.012591,           0.0046914,          0.00077338,            0.000661,            0.000661,            0.000661
                 285,           0.0095531,           0.0089139,           0.0010853,              0.9977,                   1,               0.995,             0.86001,            0.012543,           0.0046358,          0.00073993,            0.000628,            0.000628,            0.000628
                 286,           0.0090655,           0.0072338,          0.00064612,             0.99791,                   1,               0.995,             0.86861,            0.012424,           0.0046228,          0.00073382,            0.000595,            0.000595,            0.000595
                 287,           0.0088273,           0.0081195,            0.000538,             0.99779,                   1,               0.995,             0.86337,            0.012233,           0.0046546,          0.00070946,            0.000562,            0.000562,            0.000562
                 288,           0.0087977,            0.007137,          0.00075781,             0.99777,                   1,               0.995,              0.8615,            0.012063,           0.0046559,          0.00070668,            0.000529,            0.000529,            0.000529
                 289,           0.0099396,           0.0065513,           0.0013561,             0.99763,                   1,               0.995,             0.86144,            0.012203,           0.0046962,          0.00073411,            0.000496,            0.000496,            0.000496
                 290,           0.0095384,           0.0073781,          0.00070679,             0.99781,                   1,               0.995,             0.86028,            0.012542,           0.0047157,           0.0007299,            0.000463,            0.000463,            0.000463
                 291,           0.0094677,           0.0070037,          0.00076613,              0.9977,                   1,               0.995,             0.86214,            0.012408,           0.0046979,           0.0008384,             0.00043,             0.00043,             0.00043
                 292,           0.0086678,           0.0083999,          0.00064256,              0.9977,                   1,               0.995,             0.86219,            0.012612,           0.0047286,          0.00083774,            0.000397,            0.000397,            0.000397
                 293,           0.0093667,           0.0072246,          0.00069306,             0.99761,                   1,               0.995,             0.85704,            0.012757,           0.0047672,          0.00084015,            0.000364,            0.000364,            0.000364
                 294,           0.0094442,           0.0082124,          0.00064937,             0.99739,                   1,               0.995,             0.85716,            0.012673,           0.0047786,          0.00092094,            0.000331,            0.000331,            0.000331
                 295,            0.009048,           0.0087987,          0.00071423,             0.99749,                   1,               0.995,             0.85954,            0.012437,           0.0047772,          0.00098333,            0.000298,            0.000298,            0.000298
                 296,           0.0096683,           0.0090682,           0.0007986,             0.99743,                   1,               0.995,             0.85718,            0.012336,           0.0047618,          0.00098549,            0.000265,            0.000265,            0.000265
                 297,           0.0090137,           0.0063998,           0.0009363,             0.99725,                   1,               0.995,             0.86354,            0.012278,           0.0047796,          0.00089613,            0.000232,            0.000232,            0.000232
                 298,           0.0089892,           0.0080424,           0.0010246,             0.99745,                   1,               0.995,             0.86054,            0.012434,           0.0048269,          0.00093263,            0.000199,            0.000199,            0.000199
                 299,           0.0091066,           0.0075762,          0.00059386,             0.99742,                   1,               0.995,             0.85774,             0.01248,           0.0048496,          0.00091406,            0.000166,            0.000166,            0.000166
